[
{
  "model": "images.mood",
  "pk": 1,
  "fields": {
    "choice": "Playful"
  }
},
{
  "model": "images.mood",
  "pk": 3,
  "fields": {
    "choice": "Calm"
  }
},
{
  "model": "images.mood",
  "pk": 4,
  "fields": {
    "choice": "Adventurous"
  }
},
{
  "model": "images.image",
  "pk": 1,
  "fields": {
    "orientation": "Portrait",
    "source": "https://images.unsplash.com/photo-1618071147329-803bf99d9746?ixlib=rb-1.2.1&ixid=MnwxMjA3fDB8MHxjb2xsZWN0aW9uLXBhZ2V8MXxsT2xWaUk1bENKTXx8ZW58MHx8fHw%3D&auto=format&fit=crop&w=400&q=60",
    "description": "Dog in sunglasses",
    "mood": 1,
    "liked_by": [
      7
    ]
  }
},
{
  "model": "images.image",
  "pk": 2,
  "fields": {
    "orientation": "Landscape",
    "source": "https://images.unsplash.com/photo-1566044366895-c8dc99ff8f6b?ixlib=rb-1.2.1&ixid=MnwxMjA3fDB8MHxjb2xsZWN0aW9uLXBhZ2V8MnxsT2xWaUk1bENKTXx8ZW58MHx8fHw%3D&auto=format&fit=crop&w=400&q=60",
    "description": "Peaceful forest",
    "mood": 3,
    "liked_by": []
  }
},
{
  "model": "images.image",
  "pk": 3,
  "fields": {
    "orientation": "Portrait",
    "source": "https://images.unsplash.com/photo-1579562243430-4732bcb09d91?ixlib=rb-1.2.1&ixid=MnwxMjA3fDB8MHxjb2xsZWN0aW9uLXBhZ2V8M3xsT2xWaUk1bENKTXx8ZW58MHx8fHw%3D&auto=format&fit=crop&w=400&q=60",
    "description": "snoozing dog",
    "mood": 3,
    "liked_by": []
  }
},
{
  "model": "images.image",
  "pk": 4,
  "fields": {
    "orientation": "Landscape",
    "source": "https://images.unsplash.com/photo-1603098091396-98fc15ec5ce3?ixid=MnwxMjA3fDB8MHxjb2xsZWN0aW9uLXBhZ2V8MTB8bE9sVmlJNWxDSk18fGVufDB8fHx8&ixlib=rb-1.2.1&auto=format&fit=crop&w=400&q=60",
    "description": "Parachuting",
    "mood": 4,
    "liked_by": [
      7
    ]
  }
},
{
  "model": "images.image",
  "pk": 5,
  "fields": {
    "orientation": "Portrait",
    "source": "https://images.unsplash.com/photo-1513517860393-d9bf0651bed8?ixid=MnwxMjA3fDB8MHxjb2xsZWN0aW9uLXBhZ2V8MTJ8bE9sVmlJNWxDSk18fGVufDB8fHx8&ixlib=rb-1.2.1&auto=format&fit=crop&w=400&q=60",
    "description": "A cabin in the woods",
    "mood": 4,
    "liked_by": []
  }
},
{
  "model": "images.image",
  "pk": 6,
  "fields": {
    "orientation": "Portrait",
    "source": "https://images.unsplash.com/photo-1510861204575-106db3eb041b?ixid=MnwxMjA3fDB8MHxjb2xsZWN0aW9uLXBhZ2V8MTN8bE9sVmlJNWxDSk18fGVufDB8fHx8&ixlib=rb-1.2.1&auto=format&fit=crop&w=400&q=60",
    "description": "Snowboarding",
    "mood": 4,
    "liked_by": []
  }
},
{
  "model": "images.image",
  "pk": 7,
  "fields": {
    "orientation": "Portrait",
    "source": "https://images.unsplash.com/photo-1507034589631-9433cc6bc453?ixid=MnwxMjA3fDB8MHxwaG90by1wYWdlfHx8fGVufDB8fHx8&ixlib=rb-1.2.1&auto=format&fit=crop&w=931&q=80",
    "description": "Rock climbing",
    "mood": 4,
    "liked_by": []
  }
},
{
  "model": "images.image",
  "pk": 8,
  "fields": {
    "orientation": "Portrait",
    "source": "https://images.unsplash.com/photo-1484804959297-65e7c19d7c9f?ixid=MnwxMjA3fDB8MHxwaG90by1wYWdlfHx8fGVufDB8fHx8&ixlib=rb-1.2.1&auto=format&fit=crop&w=1314&q=80",
    "description": "Paddle boarding",
    "mood": 4,
    "liked_by": []
  }
},
{
  "model": "images.image",
  "pk": 9,
  "fields": {
    "orientation": "Portrait",
    "source": "https://images.unsplash.com/photo-1560743641-3914f2c45636?ixid=MnwxMjA3fDB8MHxwaG90by1wYWdlfHx8fGVufDB8fHx8&ixlib=rb-1.2.1&auto=format&fit=crop&w=933&q=80",
    "description": "Happy dogs",
    "mood": 1,
    "liked_by": []
  }
},
{
  "model": "images.image",
  "pk": 10,
  "fields": {
    "orientation": "Portrait",
    "source": "https://images.unsplash.com/photo-1607062294253-93e9ce166448?ixid=MnwxMjA3fDB8MHxwaG90by1wYWdlfHx8fGVufDB8fHx8&ixlib=rb-1.2.1&auto=format&fit=crop&w=934&q=80",
    "description": "Smiling with flowers",
    "mood": 1,
    "liked_by": []
  }
},
{
  "model": "images.image",
  "pk": 11,
  "fields": {
    "orientation": "Landscape",
    "source": "https://images.unsplash.com/photo-1476611317561-60117649dd94?ixid=MnwxMjA3fDB8MHxwaG90by1wYWdlfHx8fGVufDB8fHx8&ixlib=rb-1.2.1&auto=format&fit=crop&w=1350&q=80",
    "description": "Girl blowing bubbles",
    "mood": 1,
    "liked_by": []
  }
},
{
  "model": "images.image",
  "pk": 12,
  "fields": {
    "orientation": "Landscape",
    "source": "https://images.unsplash.com/photo-1509909756405-be0199881695?ixid=MnwxMjA3fDB8MHxwaG90by1wYWdlfHx8fGVufDB8fHx8&ixlib=rb-1.2.1&auto=format&fit=crop&w=1350&q=80",
    "description": "Balloons",
    "mood": 1,
    "liked_by": [
      1
    ]
  }
},
{
  "model": "images.image",
  "pk": 13,
  "fields": {
    "orientation": "Portrait",
    "source": "https://images.unsplash.com/photo-1627721762612-8359efa96ef8?ixid=MnwxMjA3fDB8MHxwaG90by1wYWdlfHx8fGVufDB8fHx8&ixlib=rb-1.2.1&auto=format&fit=crop&w=934&q=80",
    "description": "Girl dancing on the beach",
    "mood": 1,
    "liked_by": []
  }
},
{
  "model": "images.image",
  "pk": 14,
  "fields": {
    "orientation": "Portrait",
    "source": "https://images.unsplash.com/photo-1592677298363-c2586b8cafde?ixid=MnwxMjA3fDB8MHxwaG90by1wYWdlfHx8fGVufDB8fHx8&ixlib=rb-1.2.1&auto=format&fit=crop&w=976&q=80",
    "description": "Boat on a still lake",
    "mood": 3,
    "liked_by": []
  }
},
{
  "model": "images.image",
  "pk": 15,
  "fields": {
    "orientation": "Portrait",
    "source": "https://images.unsplash.com/photo-1503891617560-5b8c2e28cbf6?ixlib=rb-1.2.1&ixid=MnwxMjA3fDB8MHxwaG90by1wYWdlfHx8fGVufDB8fHx8&auto=format&fit=crop&w=934&q=80",
    "description": "A ripple on water",
    "mood": 3,
    "liked_by": []
  }
},
{
  "model": "images.image",
  "pk": 16,
  "fields": {
    "orientation": "Landscape",
    "source": "https://images.unsplash.com/photo-1516676839530-135a545cce02?ixid=MnwxMjA3fDB8MHxwaG90by1wYWdlfHx8fGVufDB8fHx8&ixlib=rb-1.2.1&auto=format&fit=crop&w=1266&q=80",
    "description": "Wheatfield",
    "mood": 3,
    "liked_by": []
  }
},
{
  "model": "images.image",
  "pk": 17,
  "fields": {
    "orientation": "Landscape",
    "source": "https://images.unsplash.com/photo-1518241353330-0f7941c2d9b5?ixid=MnwxMjA3fDB8MHxwaG90by1wYWdlfHx8fGVufDB8fHx8&ixlib=rb-1.2.1&auto=format&fit=crop&w=1225&q=80",
    "description": "A tree in a lake",
    "mood": 3,
    "liked_by": [
      4,
      5,
      6
    ]
  }
},
{
  "model": "images.image",
  "pk": 18,
  "fields": {
    "orientation": "Portrait",
    "source": "https://images.unsplash.com/photo-1604186838347-9faaf0b83be8?ixid=MnwxMjA3fDB8MHxwaG90by1wYWdlfHx8fGVufDB8fHx8&ixlib=rb-1.2.1&auto=format&fit=crop&w=934&q=80",
    "description": "Ghost dog",
    "mood": 1,
    "liked_by": []
  }
},
{
  "model": "images.image",
  "pk": 19,
  "fields": {
    "orientation": "Landscape",
    "source": "https://images.unsplash.com/photo-1531876383482-409a2646995d?ixid=MnwxMjA3fDB8MHxwaG90by1wYWdlfHx8fGVufDB8fHx8&ixlib=rb-1.2.1&auto=format&fit=crop&w=1651&q=80",
    "description": "dont be a prick",
    "mood": 1,
    "liked_by": []
  }
},
{
  "model": "images.image",
  "pk": 20,
  "fields": {
    "orientation": "Portrait",
    "source": "https://images.unsplash.com/photo-1592194996308-7b43878e84a6?ixlib=rb-1.2.1&ixid=MnwxMjA3fDB8MHxwaG90by1wYWdlfHx8fGVufDB8fHx8&auto=format&fit=crop&w=934&q=80",
    "description": "kitten",
    "mood": 1,
    "liked_by": []
  }
},
{
  "model": "images.image",
  "pk": 21,
  "fields": {
    "orientation": "Portrait",
    "source": "https://images.unsplash.com/photo-1469598614039-ccfeb0a21111?ixid=MnwxMjA3fDB8MHxwaG90by1wYWdlfHx8fGVufDB8fHx8&ixlib=rb-1.2.1&auto=format&fit=crop&w=934&q=80",
    "description": "cool pineapple",
    "mood": 1,
    "liked_by": []
  }
},
{
  "model": "images.image",
  "pk": 22,
  "fields": {
    "orientation": "Landscape",
    "source": "https://images.unsplash.com/photo-1551887373-3c5bd224f6e2?ixid=MnwxMjA3fDB8MHxwaG90by1wYWdlfHx8fGVufDB8fHx8&ixlib=rb-1.2.1&auto=format&fit=crop&w=1650&q=80",
    "description": "Smiling dog",
    "mood": 1,
    "liked_by": []
  }
},
{
  "model": "images.image",
  "pk": 23,
  "fields": {
    "orientation": "Portrait",
    "source": "https://images.unsplash.com/photo-1558723223-67bd04e336d6?ixid=MnwxMjA3fDB8MHxwaG90by1wYWdlfHx8fGVufDB8fHx8&ixlib=rb-1.2.1&auto=format&fit=crop&w=934&q=80",
    "description": "rainbow stairs",
    "mood": 1,
    "liked_by": []
  }
},
{
  "model": "images.image",
  "pk": 24,
  "fields": {
    "orientation": "Landscape",
    "source": "https://images.unsplash.com/photo-1567789352758-9e3dc54b3ae3?ixid=MnwxMjA3fDB8MHxwaG90by1wYWdlfHx8fGVufDB8fHx8&ixlib=rb-1.2.1&auto=format&fit=crop&w=1650&q=80",
    "description": "funny bananas",
    "mood": 1,
    "liked_by": []
  }
},
{
  "model": "images.image",
  "pk": 25,
  "fields": {
    "orientation": "Landscape",
    "source": "https://images.unsplash.com/photo-1551401107-5d806c2909a6?ixid=MnwxMjA3fDB8MHxwaG90by1wYWdlfHx8fGVufDB8fHx8&ixlib=rb-1.2.1&auto=format&fit=crop&w=1650&q=80",
    "description": "child painting",
    "mood": 1,
    "liked_by": []
  }
},
{
  "model": "images.image",
  "pk": 26,
  "fields": {
    "orientation": "Portrait",
    "source": "https://images.unsplash.com/photo-1460661419201-fd4cecdf8a8b?ixid=MnwxMjA3fDB8MHxwaG90by1wYWdlfHx8fGVufDB8fHx8&ixlib=rb-1.2.1&auto=format&fit=crop&w=1100&q=80",
    "description": "paint brushes",
    "mood": 1,
    "liked_by": []
  }
},
{
  "model": "images.image",
  "pk": 27,
  "fields": {
    "orientation": "Landscape",
    "source": "https://images.unsplash.com/photo-1524503033411-c9566986fc8f?ixid=MnwxMjA3fDB8MHxwaG90by1wYWdlfHx8fGVufDB8fHx8&ixlib=rb-1.2.1&auto=format&fit=crop&w=1650&q=80",
    "description": "funny faces",
    "mood": 1,
    "liked_by": []
  }
},
{
  "model": "images.image",
  "pk": 28,
  "fields": {
    "orientation": "Portrait",
    "source": "https://images.unsplash.com/photo-1535340582796-799448c62e08?ixid=MnwxMjA3fDB8MHxwaG90by1wYWdlfHx8fGVufDB8fHx8&ixlib=rb-1.2.1&auto=format&fit=crop&w=1000&q=80",
    "description": "coloured pencils",
    "mood": 1,
    "liked_by": []
  }
},
{
  "model": "images.image",
  "pk": 29,
  "fields": {
    "orientation": "Portrait",
    "source": "https://images.unsplash.com/photo-1585103573228-fd5cc6f5d233?ixid=MnwxMjA3fDB8MHxwaG90by1wYWdlfHx8fGVufDB8fHx8&ixlib=rb-1.2.1&auto=format&fit=crop&w=934&q=80",
    "description": "tiny superhero",
    "mood": 1,
    "liked_by": []
  }
},
{
  "model": "images.image",
  "pk": 30,
  "fields": {
    "orientation": "Portrait",
    "source": "https://images.unsplash.com/photo-1614069565320-172174347232?ixid=MnwxMjA3fDB8MHxwaG90by1wYWdlfHx8fGVufDB8fHx8&ixlib=rb-1.2.1&auto=format&fit=crop&w=971&q=80",
    "description": "smoking toilet",
    "mood": 1,
    "liked_by": []
  }
},
{
  "model": "images.image",
  "pk": 31,
  "fields": {
    "orientation": "Landscape",
    "source": "https://images.unsplash.com/photo-1520352823777-923f7151a680?ixid=MnwxMjA3fDB8MHxwaG90by1wYWdlfHx8fGVufDB8fHx8&ixlib=rb-1.2.1&auto=format&fit=crop&w=1650&q=80",
    "description": "macaroons",
    "mood": 1,
    "liked_by": []
  }
},
{
  "model": "images.image",
  "pk": 32,
  "fields": {
    "orientation": "Portrait",
    "source": "https://images.unsplash.com/photo-1549488497-fb67683aaa98?ixlib=rb-1.2.1&ixid=MnwxMjA3fDB8MHxwaG90by1wYWdlfHx8fGVufDB8fHx8&auto=format&fit=crop&w=1834&q=80",
    "description": "forest on a lake",
    "mood": 3,
    "liked_by": []
  }
},
{
  "model": "images.image",
  "pk": 33,
  "fields": {
    "orientation": "Portrait",
    "source": "https://images.unsplash.com/photo-1505128519638-627ae8f00608?ixlib=rb-1.2.1&ixid=MnwxMjA3fDB8MHxwaG90by1wYWdlfHx8fGVufDB8fHx8&auto=format&fit=crop&w=949&q=80",
    "description": "stained glass window",
    "mood": 3,
    "liked_by": []
  }
},
{
  "model": "images.image",
  "pk": 34,
  "fields": {
    "orientation": "Portrait",
    "source": "https://images.unsplash.com/photo-1589967753951-bedee3727d93?ixlib=rb-1.2.1&ixid=MnwxMjA3fDB8MHxwaG90by1wYWdlfHx8fGVufDB8fHx8&auto=format&fit=crop&w=1000&q=80",
    "description": "crescent moon",
    "mood": 3,
    "liked_by": []
  }
},
{
  "model": "images.image",
  "pk": 35,
  "fields": {
    "orientation": "Portrait",
    "source": "https://images.unsplash.com/photo-1589967040061-d33c463bf973?ixlib=rb-1.2.1&ixid=MnwxMjA3fDB8MHxwaG90by1wYWdlfHx8fGVufDB8fHx8&auto=format&fit=crop&w=1001&q=80",
    "description": "fog on a forest",
    "mood": 3,
    "liked_by": []
  }
},
{
  "model": "images.image",
  "pk": 36,
  "fields": {
    "orientation": "Portrait",
    "source": "https://images.unsplash.com/photo-1498813295229-27bd6c349cc8?ixid=MnwxMjA3fDB8MHxwaG90by1wYWdlfHx8fGVufDB8fHx8&ixlib=rb-1.2.1&auto=format&fit=crop&w=1001&q=80",
    "description": "ripples",
    "mood": 3,
    "liked_by": []
  }
},
{
  "model": "images.image",
  "pk": 37,
  "fields": {
    "orientation": "Landscape",
    "source": "https://images.unsplash.com/photo-1566044366987-6de6ca566441?ixid=MnwxMjA3fDB8MHxwaG90by1wYWdlfHx8fGVufDB8fHx8&ixlib=rb-1.2.1&auto=format&fit=crop&w=1650&q=80",
    "description": "peaceful forest",
    "mood": 3,
    "liked_by": []
  }
},
{
  "model": "images.image",
  "pk": 38,
  "fields": {
    "orientation": "Landscape",
    "source": "https://images.unsplash.com/photo-1515487719147-ca1044b6b1d1?ixid=MnwxMjA3fDB8MHxwaG90by1wYWdlfHx8fGVufDB8fHx8&ixlib=rb-1.2.1&auto=format&fit=crop&w=1650&q=80",
    "description": "women in a forest",
    "mood": 3,
    "liked_by": []
  }
},
{
  "model": "images.image",
  "pk": 39,
  "fields": {
    "orientation": "Portrait",
    "source": "https://images.unsplash.com/photo-1547098842-dcdd773e3390?ixid=MnwxMjA3fDB8MHxwaG90by1wYWdlfHx8fGVufDB8fHx8&ixlib=rb-1.2.1&auto=format&fit=crop&w=934&q=80",
    "description": "hydrangea",
    "mood": 3,
    "liked_by": []
  }
},
{
  "model": "images.image",
  "pk": 40,
  "fields": {
    "orientation": "Portrait",
    "source": "https://images.unsplash.com/photo-1588470959069-a27f6b1997a4?ixid=MnwxMjA3fDB8MHxwaG90by1wYWdlfHx8fGVufDB8fHx8&ixlib=rb-1.2.1&auto=format&fit=crop&w=934&q=80",
    "description": "path to the beach",
    "mood": 3,
    "liked_by": []
  }
},
{
  "model": "images.image",
  "pk": 41,
  "fields": {
    "orientation": "Landscape",
    "source": "https://images.unsplash.com/photo-1608018989985-51c8041d5951?ixid=MnwxMjA3fDB8MHxwaG90by1wYWdlfHx8fGVufDB8fHx8&ixlib=rb-1.2.1&auto=format&fit=crop&w=1650&q=80",
    "description": "another misty lake",
    "mood": 3,
    "liked_by": []
  }
},
{
  "model": "images.image",
  "pk": 42,
  "fields": {
    "orientation": "Portrait",
    "source": "https://images.unsplash.com/photo-1631343247465-f416d9aac467?ixid=MnwxMjA3fDB8MHxwaG90by1wYWdlfHx8fGVufDB8fHx8&ixlib=rb-1.2.1&auto=format&fit=crop&w=934&q=80",
    "description": "sun kissed lemons",
    "mood": 3,
    "liked_by": []
  }
},
{
  "model": "images.image",
  "pk": 43,
  "fields": {
    "orientation": "Portrait",
    "source": "https://images.unsplash.com/photo-1631220352641-c925ee269a3e?ixid=MnwxMjA3fDB8MHxwaG90by1wYWdlfHx8fGVufDB8fHx8&ixlib=rb-1.2.1&auto=format&fit=crop&w=1001&q=80",
    "description": "stars on a lake",
    "mood": 3,
    "liked_by": []
  }
},
{
  "model": "images.image",
  "pk": 44,
  "fields": {
    "orientation": "Portrait",
    "source": "https://images.unsplash.com/photo-1631590351127-edcab42e7676?ixid=MnwxMjA3fDB8MHxwaG90by1wYWdlfHx8fGVufDB8fHx8&ixlib=rb-1.2.1&auto=format&fit=crop&w=934&q=80",
    "description": "women in sunlit forest",
    "mood": 3,
    "liked_by": []
  }
},
{
  "model": "images.image",
  "pk": 45,
  "fields": {
    "orientation": "Portrait",
    "source": "https://images.unsplash.com/photo-1609870025624-98b62826e80a?ixlib=rb-1.2.1&ixid=MnwxMjA3fDB8MHxwaG90by1wYWdlfHx8fGVufDB8fHx8&auto=format&fit=crop&w=934&q=80",
    "description": "surfing",
    "mood": 4,
    "liked_by": []
  }
},
{
  "model": "images.image",
  "pk": 46,
  "fields": {
    "orientation": "Portrait",
    "source": "https://images.unsplash.com/photo-1542531365-8cedfed02b04?ixlib=rb-1.2.1&ixid=MnwxMjA3fDB8MHxwaG90by1wYWdlfHx8fGVufDB8fHx8&auto=format&fit=crop&w=925&q=80",
    "description": "skating",
    "mood": 4,
    "liked_by": []
  }
},
{
  "model": "images.image",
  "pk": 47,
  "fields": {
    "orientation": "Portrait",
    "source": "https://images.unsplash.com/photo-1630511390971-7c2b778656b8?ixlib=rb-1.2.1&ixid=MnwxMjA3fDB8MHxwaG90by1wYWdlfHx8fGVufDB8fHx8&auto=format&fit=crop&w=1000&q=80",
    "description": "winding road italy",
    "mood": 4,
    "liked_by": []
  }
},
{
  "model": "images.image",
  "pk": 48,
  "fields": {
    "orientation": "Portrait",
    "source": "https://images.unsplash.com/photo-1579337186234-4e5f1d7e5815?ixlib=rb-1.2.1&ixid=MnwxMjA3fDB8MHxwaG90by1wYWdlfHx8fGVufDB8fHx8&auto=format&fit=crop&w=1000&q=80",
    "description": "mumuration in brighton",
    "mood": 4,
    "liked_by": []
  }
},
{
  "model": "images.image",
  "pk": 49,
  "fields": {
    "orientation": "Portrait",
    "source": "https://images.unsplash.com/photo-1559783510-c448bd7d686b?ixid=MnwxMjA3fDB8MHxwaG90by1wYWdlfHx8fGVufDB8fHx8&ixlib=rb-1.2.1&auto=format&fit=crop&w=934&q=80",
    "description": "hot air balloons",
    "mood": 4,
    "liked_by": []
  }
},
{
  "model": "images.image",
  "pk": 50,
  "fields": {
    "orientation": "Portrait",
    "source": "https://images.unsplash.com/photo-1572630978398-b9dba3fe1acb?ixid=MnwxMjA3fDB8MHxwaG90by1wYWdlfHx8fGVufDB8fHx8&ixlib=rb-1.2.1&auto=format&fit=crop&w=975&q=80",
    "description": "ice climbing",
    "mood": 4,
    "liked_by": []
  }
},
{
  "model": "images.image",
  "pk": 51,
  "fields": {
    "orientation": "Portrait",
    "source": "https://images.unsplash.com/photo-1443181994330-3e365ff8949e?ixid=MnwxMjA3fDB8MHxwaG90by1wYWdlfHx8fGVufDB8fHx8&ixlib=rb-1.2.1&auto=format&fit=crop&w=1101&q=80",
    "description": "tropical island",
    "mood": 4,
    "liked_by": []
  }
},
{
  "model": "images.image",
  "pk": 52,
  "fields": {
    "orientation": "Portrait",
    "source": "https://images.unsplash.com/photo-1574260031597-bcd9eb192b4f?ixid=MnwxMjA3fDB8MHxwaG90by1wYWdlfHx8fGVufDB8fHx8&ixlib=rb-1.2.1&auto=format&fit=crop&w=934&q=80",
    "description": "van by the coast",
    "mood": 4,
    "liked_by": []
  }
},
{
  "model": "images.image",
  "pk": 53,
  "fields": {
    "orientation": "Portrait",
    "source": "https://images.unsplash.com/photo-1509895846073-1c731f9f0950?ixid=MnwxMjA3fDB8MHxwaG90by1wYWdlfHx8fGVufDB8fHx8&ixlib=rb-1.2.1&auto=format&fit=crop&w=934&q=80",
    "description": "trainers out the window",
    "mood": 4,
    "liked_by": []
  }
},
{
  "model": "images.image",
  "pk": 54,
  "fields": {
    "orientation": "Portrait",
    "source": "https://images.unsplash.com/photo-1568849676085-51415703900f?ixid=MnwxMjA3fDB8MHxwaG90by1wYWdlfHx8fGVufDB8fHx8&ixlib=rb-1.2.1&auto=format&fit=crop&w=934&q=80",
    "description": "bicycle",
    "mood": 4,
    "liked_by": []
  }
},
{
  "model": "images.image",
  "pk": 55,
  "fields": {
    "orientation": "Portrait",
    "source": "https://images.unsplash.com/photo-1499062918700-389fa905494e?ixid=MnwxMjA3fDB8MHxwaG90by1wYWdlfHx8fGVufDB8fHx8&ixlib=rb-1.2.1&auto=format&fit=crop&w=1000&q=80",
    "description": "reading a map",
    "mood": 4,
    "liked_by": []
  }
},
{
  "model": "images.image",
  "pk": 56,
  "fields": {
    "orientation": "Landscape",
    "source": "https://images.unsplash.com/photo-1508672019048-805c876b67e2?ixid=MnwxMjA3fDB8MHxwaG90by1wYWdlfHx8fGVufDB8fHx8&ixlib=rb-1.2.1&auto=format&fit=crop&w=1693&q=80",
    "description": "dock in the moutains",
    "mood": 4,
    "liked_by": []
  }
},
{
  "model": "images.image",
  "pk": 57,
  "fields": {
    "orientation": "Landscape",
    "source": "https://images.unsplash.com/photo-1469854523086-cc02fe5d8800?ixid=MnwxMjA3fDB8MHxwaG90by1wYWdlfHx8fGVufDB8fHx8&ixlib=rb-1.2.1&auto=format&fit=crop&w=1608&q=80",
    "description": "vw in a valley",
    "mood": 4,
    "liked_by": []
  }
},
{
  "model": "images.image",
  "pk": 58,
  "fields": {
    "orientation": "Landscape",
    "source": "https://images.unsplash.com/photo-1474925558543-e7a5f06e733e?ixid=MnwxMjA3fDB8MHxwaG90by1wYWdlfHx8fGVufDB8fHx8&ixlib=rb-1.2.1&auto=format&fit=crop&w=1650&q=80",
    "description": "lake jumping",
    "mood": 4,
    "liked_by": []
  }
},
{
  "model": "images.image",
  "pk": 59,
  "fields": {
    "orientation": "Portrait",
    "source": "https://images.unsplash.com/photo-1529052473669-1dfd54b60f5a?ixlib=rb-1.2.1&ixid=MnwxMjA3fDB8MHxwaG90by1wYWdlfHx8fGVufDB8fHx8&auto=format&fit=crop&w=1000&q=80",
    "description": "land rover",
    "mood": 3,
    "liked_by": []
  }
},
{
  "model": "images.note",
  "pk": 5,
  "fields": {
    "title": "hello",
    "text": "another note",
    "created_at": "2021-09-10T13:50:59.156Z",
    "owner": 4
  }
},
{
  "model": "images.note",
  "pk": 6,
  "fields": {
    "title": "hello",
    "text": "another note",
    "created_at": "2021-09-10T13:51:20.926Z",
    "owner": 7
  }
},
{
  "model": "images.note",
  "pk": 9,
  "fields": {
    "title": "thoughts",
    "text": "here are my deep thoughts",
    "created_at": "2021-09-14T09:49:35.669Z",
    "owner": 1
  }
},
{
  "model": "images.note",
  "pk": 19,
  "fields": {
    "title": "another note",
    "text": "here is a new note",
    "created_at": "2021-09-14T10:07:15.993Z",
    "owner": 1
  }
},
{
  "model": "images.note",
  "pk": 20,
  "fields": {
    "title": "Morning thoughts",
    "text": "Why is there never enough coffee?",
    "created_at": "2021-09-14T10:07:43.500Z",
    "owner": 1
  }
},
{
  "model": "images.note",
  "pk": 24,
  "fields": {
    "title": "Oh hello",
    "text": "such a lonely coder all alone",
    "created_at": "2021-09-14T10:14:23.742Z",
    "owner": 1
  }
}
]
